{
  "강원특별자치도 강릉시": {
    "위도": 37.7521116823526,
    "경도": 128.875906235799,
    "최근접관측소": {
      "지점명": "강릉",
      "지점번호": 105,
      "위도": 37.7515,
      "경도": 128.891,
      "거리(km)": 1.33
    }
  },
  "경상남도 고성군": {
    "위도": 34.9730618412549,
    "경도": 128.32236130677,
    "최근접관측소": {
      "지점명": "통영",
      "지점번호": 162,
      "위도": 34.8454,
      "경도": 128.4356,
      "거리(km)": 17.55
    }
  },
  "경상남도 진주시": {
    "위도": 35.1802228341536,
    "경도": 128.107706335688,
    "최근접관측소": {
      "지점명": "진주",
      "지점번호": 192,
      "위도": 35.2084,
      "경도": 128.1191,
      "거리(km)": 3.3
    }
  },
  "경상남도 창원시 마산합포구 해운동": {
    "위도": 35.1799611525258,
    "경도": 128.563558712827,
    "최근접관측소": {
      "지점명": "마산",
      "지점번호": 155,
      "위도": 35.1903,
      "경도": 128.5652,
      "거리(km)": 1.16
    }
  },
  "경상북도 구미시": {
    "위도": 36.1195708487139,
    "경도": 128.344246361062,
    "최근접관측소": {
      "지점명": "구미",
      "지점번호": 279,
      "위도": 36.1306,
      "경도": 128.3206,
      "거리(km)": 2.45
    }
  },
  "경상북도 예천군": {
    "위도": 36.6576538637802,
    "경도": 128.45292491125,
    "최근접관측소": {
      "지점명": "영주",
      "지점번호": 272,
      "위도": 36.8718,
      "경도": 128.5169,
      "거리(km)": 24.48
    }
  },
  "인천광역시 옹진군 영흥면": {
    "위도": 37.2559012375489,
    "경도": 126.483321517933,
    "최근접관측소": {
      "지점명": "인천",
      "지점번호": 112,
      "위도": 37.4776,
      "경도": 126.6244,
      "거리(km)": 27.63
    }
  },
  "전라남도 고흥군": {
    "위도": 34.6110820210892,
    "경도": 127.284968746855,
    "최근접관측소": {
      "지점명": "고흥",
      "지점번호": 262,
      "위도": 34.6182,
      "경도": 127.2757,
      "거리(km)": 1.16
    }
  },
  "전라남도 광양시": {
    "위도": 34.9404252535158,
    "경도": 127.695930772808,
    "최근접관측소": {
      "지점명": "광양시",
      "지점번호": 266,
      "위도": 34.9434,
      "경도": 127.6914,
      "거리(km)": 0.53
    }
  },
  "전라남도 여수시": {
    "위도": 34.7604010648246,
    "경도": 127.662331251572,
    "최근접관측소": {
      "지점명": "여수",
      "지점번호": 168,
      "위도": 34.7393,
      "경도": 127.7406,
      "거리(km)": 7.53
    }
  },
  "전라남도 장성군": {
    "위도": 35.3018576771346,
    "경도": 126.784918877012,
    "최근접관측소": {
      "지점명": "고창",
      "지점번호": 251,
      "위도": 35.4251,
      "경도": 126.699,
      "거리(km)": 15.76
    }
  }
}